Customer Name,Customer e-mail,Country,Gender,Age,Annual Salary,Credit Card Debt,Net Worth,Car Purchase Amount
Martina Avila,cubilia.Curae.Phasellus@quisaccumsanconvallis.edu,USA,0,42,62812.093010000004,11609.38091,238961.2505,28598.458769999997
Harlan Barnes,eu.dolor@diam.co.uk,USA,0,41,66646.89292,9572.957135999999,530973.9078,31169.52566
Naomi Rodriquez,vulputate.mauris.sagittis@ametconsectetueradipiscing.co.uk,USA,1,43,53798.551120000004,11160.35506,638467.1773,33619.70921
Jade Cunningham,malesuada@dignissim.com,USA,1,58,79370.03798,14426.16485,548599.0524,53747.36313
Cedric Leach,felis.ullamcorper.viverra@egetmollislectus.net,USA,1,57,59729.1513,5358.712177,560304.0671,46375.462479999995
Carla Hester,mi@Aliquamerat.edu,USA,1,57,68499.85162,14179.472440000001,428485.3604,42142.997839999996
Griffin Rivera,vehicula@at.co.uk,USA,1,47,39814.522000000004,5958.460188,326373.1812,17082.705489999997
Orli Casey,nunc.est.mollis@Suspendissetristiqueneque.co.uk,USA,1,50,51752.23445,10985.696559999998,629312.4041,38359.98265
Marny Obrien,Phasellus@sedsemegestas.org,USA,0,47,58139.2591,3440.8237990000002,630059.0274,33821.6141
Rhonda Chavez,nec@nuncest.com,USA,1,43,53457.10132,12884.07868,476643.3544,45279.506010000005
Jerome Rowe,ipsum.cursus@dui.org,USA,1,50,73348.70745,8270.707359,612738.6171,44304.51309
Akeem Gibson,turpis.egestas.Fusce@purus.edu,USA,1,53,55421.657329999995,10014.969290000001,293862.5123,48545.81046
Quin Smith,nulla@ipsum.edu,USA,0,44,37336.3383,10218.32092,430907.1673,13806.0334
Tatum Moon,Cras.sed.leo@Seddiamlorem.ca,USA,0,48,68304.47297999999,9466.995128,420322.0702,56919.87571
Sharon Sharpe,eget.metus@aaliquetvel.co.uk,USA,0,55,72776.00382,10597.638140000001,146344.8965,40464.03356
Thomas Williams,aliquet.molestie@ut.org,USA,1,53,64662.300610000006,11326.03434,481433.4324,62723.26723
Blaine Bender,ultrices.posuere.cubilia@pedenonummyut.net,USA,0,45,63259.878370000006,11495.549990000001,370356.2223,50839.72067
Stephen Lindsey,erat.eget.ipsum@tinciduntpede.org,USA,1,48,52682.06401,12514.52029,549443.5886,38248.712439999996
Sloane Mann,at.augue@augue.net,USA,1,52,54503.14423,7377.820914,431098.9998,38503.99241
Athena Wolf,volutpat.Nulla.facilisis@primis.ca,USA,0,59,55368.237160000004,13272.94647,566022.1306,42533.52402999999
Blythe Romero,Sed.eu@risusNuncac.co.uk,USA,1,52,63435.86304,11878.03779,480588.2345,52933.95379
Zelenia Byers,auctor.non@sapien.co.uk,USA,0,48,64347.345310000004,10905.36628,307226.0977,38173.31525
Nola Wiggins,Aliquam@augue.edu,USA,1,46,65176.69055,7698.552234000001,497526.4566,44732.86004
Micah Wheeler,arcu.eu@tincidunt.org,USA,1,47,52027.63837,11960.85377,688466.0503,38915.49432
Caryn Hendrix,condimentum.Donec@duiCum.com,USA,0,40,69612.0123,8125.5989930000005,499086.3442,52765.40193
Hedda Miranda,scelerisque@magnased.com,USA,0,53,53065.57175,17805.57607,429440.3297,48645.58412
Ulric Lynn,sociis@vulputateveliteu.com,USA,0,28,82842.53385,13102.15805,315775.3207,23425.553930000002
Alma Pope,Nunc.mauris.Morbi@turpis.org,USA,0,56,61388.627089999994,14270.007309999999,341691.9337,55020.97185
Gemma Hendrix,lobortis@non.co.uk,USA,1,46,100000.0,17452.92179,188032.0778,58034.31809
Castor Wood,velit.Pellentesque@Nulla.net,USA,1,40,62891.865560000006,12522.94052,583230.976,46207.35972
Herman Stevenson,sociosqu.ad.litora@erat.com,USA,1,33,39627.1248,9371.511070999999,319837.6593,6802.569630000002
Adrienne Bolton,dictum@magnaPraesent.ca,USA,1,40,68859.56489,13417.02027,486069.073,30525.36073
Dahlia Cleveland,tincidunt.tempus@idsapien.co.uk,USA,1,51,82358.22683,8092.475103,655934.4666,56998.89316000001
Keane Browning,Curabitur@acipsumPhasellus.co.uk,USA,0,51,67904.39895,11417.30952,487435.964,49507.462139999996
Quon Hull,nascetur.ridiculus.mus@dignissim.co.uk,USA,0,46,65311.68225,7988.753685,215673.5384,28303.348169999997
Coby Charles,nec@dolornonummyac.com,USA,0,51,59593.2624,12252.73058,612242.7755,38463.143110000005
Amery Cortez,semper.et.lacinia@Morbiquisurna.ca,USA,1,50,47460.54809,7405.5342709999995,430624.8142,30918.67458
Uriel Bradshaw,ultrices@Integersemelit.com,USA,1,22,43131.78411,10917.140940000001,326742.7352,17517.22509
Fredericka Sanders,Curabitur@Infaucibus.ca,USA,0,51,52263.69806,8838.759509,213040.9606,31768.524039999997
Christopher Stevens,blandit.enim@lacusvariuset.org,USA,1,48,80959.5331,4499.921096,379749.9152,53936.19221
Rachel Ashley,tincidunt.tempus.risus@posuerecubiliaCurae.co.uk,USA,0,42,66417.66597,9183.327620999999,513340.0097,35916.67186
Lael Wright,a@consequatpurusMaecenas.com,USA,1,46,58457.41492,12491.01273,410655.9947,35794.470330000004
Ryder Shaffer,Phasellus.dapibus.quam@inhendrerit.ca,USA,0,38,50571.459689999996,13338.328520000001,348833.8403,23885.20985
Eric Noel,lacinia.at.iaculis@Fuscefermentumfermentum.edu,USA,1,39,50943.162560000004,10816.8855,299734.1278,27411.73813
Tamara Guy,nec.eleifend@orci.org,USA,1,61,79792.13096000001,14245.53319,497950.2933,63559.43520000001
Quincy Bell,in@Duisgravida.co.uk,USA,0,55,70787.27764,10155.34095,853913.8532,54257.09447000001
Lee Taylor,Vivamus.nisi.Mauris@miAliquam.co.uk,USA,1,42,56098.50773,11675.284959999999,320228.6451,35913.7615
Kenneth Pope,vitae.sodales.at@molestiearcuSed.org,USA,0,51,57478.37922,2230.096344,158979.7102,24231.46619
Reese Vance,egestas@malesuadavelvenenatis.com,USA,1,41,60181.40633,7094.896556999999,390312.1715,30611.24231
Quon Carroll,sodales@pharetra.com,USA,0,40,74445.08167999999,7915.758178,527420.7269,41290.35708
Magee Davidson,Quisque@tempor.net,USA,1,41,38406.7789,11023.00268,451846.1995,35306.23914
Leilani Gross,dignissim@mollisDuissit.org,USA,0,56,64616.6881,12378.54089,779925.7892,70772.39065
Morgan William,sociis.natoque.penatibus@uterat.ca,USA,0,46,68107.93144,7813.602656999999,455609.1429,51363.75516
Francesca Cervantes,leo@sitametdapibus.edu,USA,1,37,72471.81532000001,11216.88676,583523.0762,32914.13111
Rafael Peterson,lectus.a.sollicitudin@tortorat.net,USA,1,52,35069.418860000005,1851.979839,353757.5057,18761.9799
Roanna Knox,dolor.nonummy@metusurnaconvallis.net,USA,0,57,52422.94691,6998.46562,438067.7506,56742.29052
Marny Vargas,nonummy.Fusce.fermentum@ligula.org,USA,1,34,84467.78988,7772.444847,468238.7915,40611.91224
Charlotte Waller,odio@Nuncac.org,USA,1,43,51419.50777,11331.20447,636407.1148,46609.00116
Dorian Hernandez,conubia.nostra.per@diam.co.uk,USA,1,50,46609.516260000004,7592.019748000001,409419.5797,41663.81018
Armando Hensley,Class.aptent@torquentper.com,USA,1,42,55207.45679,9976.434857,286062.5162,29710.80177
Rowan Kidd,sapien.Aenean.massa@adipiscing.ca,USA,1,42,46689.4159,7829.5655019999995,615765.9289,39546.13737
Gwendolyn Rice,Duis@metusIn.com,USA,0,42,71847.2544,4225.328117,476088.3996,33449.85316
Gareth Morris,est.Nunc.laoreet@nullavulputatedui.edu,USA,0,55,69236.68608,9842.842611,242495.9886,52036.53339
Sawyer Carney,erat.Sed@Phasellus.ca,USA,0,53,54006.778510000004,15189.08845,246321.8916,43280.619810000004
Raya Shields,tincidunt.aliquam@orciluctuset.com,USA,0,53,47228.35999,9046.182396,456634.2073,43937.5062
Olga Serrano,risus@urnasuscipitnonummy.edu,USA,0,43,70187.50327999999,6841.540577,662176.4851,55028.93121
Yuli Craig,lobortis.quis.pede@Seddiam.com,USA,0,55,62262.94845,11785.879190000001,301026.2206,36567.11184
Lev Kramer,eu.odio@tristique.org,USA,1,43,59195.828989999995,8634.376790999999,573054.3808,47970.91327
Nissim Acosta,enim@at.net,USA,1,57,48716.67271,10886.917109999999,662382.6623,62588.968160000004
Miranda Berry,lorem@necmauris.ca,USA,1,52,66478.00967,13685.887019999998,356553.3996,58915.8897
Owen Jacobson,ac.orci@Etiamimperdietdictum.edu,USA,1,45,50280.0045,11350.49408,230728.3008,23849.001539999997
Marvin Becker,congue.elit@vestibulumneceuismod.ca,USA,0,56,57393.828720000005,5627.803654,411831.0371,51572.37555
Davis Scott,neque@variusultricesmauris.edu,USA,0,41,63429.931410000005,10676.218840000001,481335.3582,50034.651710000006
Matthew Colon,facilisis@Nullainterdum.edu,USA,1,48,59139.2108,4630.544424000001,473845.8546,43544.8969
Quinlan Harris,libero.nec@adipiscing.org,USA,1,56,67015.19372000001,13000.413690000001,355157.6417,42883.52667
Hedley Greene,eleifend@felis.org,USA,0,47,69157.4521,15791.61176,506986.9824,48808.08115
Orson Kirby,cursus@nectellus.co.uk,USA,1,53,50867.94007,16732.30638,344916.1768,26706.17897
Adria Mathis,Aliquam.rutrum.lorem@Donec.net,USA,1,57,53450.90036,8740.723093,309113.0627,35575.71917
Peter Stout,dictum.mi.ac@semperrutrumFusce.com,USA,0,39,70463.99084,10059.554059999999,278799.6958,47190.42392
Cleo Moore,pede.et@Sedeu.com,USA,0,45,52697.15192,861.8166528999999,540805.494,32757.24918
Cally Montoya,sit@pedeCum.ca,USA,1,33,71055.41924,6147.918843,441527.0144,34812.46139
Ila Farrell,lacus@velit.edu,USA,1,44,55406.46215,9522.576495000001,523251.2663,34614.68097
Abel Stanton,eu.lacus.Quisque@congue.edu,USA,1,40,48567.07462,9724.031647,407401.3776,31927.82494
Reed Roman,laoreet.libero@laoreetlectus.com,USA,0,40,69506.62127,5449.471997,409293.2658,27546.05128
September Puckett,tincidunt@consequatpurusMaecenas.net,USA,1,37,69453.71659,9565.830875,386128.1333,44705.0771
Teegan Barr,non.lorem.vitae@eratVivamus.org,USA,1,40,36929.351239999996,9719.192898000001,245664.3652,12524.2739
Alexander York,eu.odio.Phasellus@ipsumporta.edu,USA,1,44,63087.95261,11024.02643,496856.4912,49589.32542
Jared Green,laoreet@sagittis.edu,USA,0,43,50889.34054,11041.178909999999,448601.9484,22202.9556
Eagan Woodward,varius.et@Maecenas.edu,USA,1,58,58065.25694,4204.920492,388498.5102,48167.93844
Ferdinand Weber,metus.Vivamus@vitaeposuere.org,USA,1,32,20000.0,14261.80773,579181.6552,15132.71468
Kitra Kerr,scelerisque@Vivamusnon.co.uk,USA,1,50,60536.204060000004,8244.470226000001,173079.1798,30589.219189999996
Desirae Stone,Morbi.sit@Aliquamfringilla.ca,USA,1,59,50667.697589999996,9871.403591,536665.0464,48770.04249
Len Phillips,libero.lacus@Suspendisseseddolor.net,USA,1,42,44376.62221,13865.09055,259049.2824,21950.95673
Yen Santana,ornare.facilisis@ornarelibero.ca,USA,0,50,75958.28349,10562.90377,635512.3606,66980.33672
Martina Fuentes,elit@nequeIn.com,USA,1,53,70896.72853,11794.739140000001,398746.8458,52259.12064
Ariana Nash,vel.turpis.Aliquam@consequatpurus.edu,USA,1,47,56009.730729999996,11030.2654,391848.6041,38770.871419999996
Glenna Graham,sodales@maurisSuspendisse.com,USA,0,46,90556.62686,13872.5667,479586.9387,70678.52058
Holmes Lane,ac.orci@accumsaninterdum.co.uk,USA,1,43,71716.45662000001,8870.714301,165866.2,46469.388289999995
Emerald Hamilton,sit.amet.orci@facilisis.edu,USA,0,49,68502.10943,5831.118245000001,515084.1891,52824.718389999995
Gage Marquez,malesuada.vel@dictum.co.uk,USA,0,43,46261.426660000005,16767.2636,759479.4596,34926.6828
Travis Burks,dictum@liberolacusvarius.ca,USA,1,53,61858.19077000001,5189.0835640000005,706977.053,42610.44414
Otto Oneill,arcu.Morbi.sit@elementum.ca,USA,1,36,49483.83262,11811.25253,242292.92,9999.716669999998
Brian Mathews,vulputate.mauris.sagittis@orciluctus.com,USA,1,30,68289.18229,7357.787011,404457.3099,19899.736969999998
Ralph Rich,et@tellus.edu,USA,0,37,47399.22827,14562.641940000001,537744.1324,17965.77868
Yasir Tyler,pharetra.sed.hendrerit@adipiscinglobortisrisus.edu,USA,0,48,63975.0609,10614.85449,891439.8761,67303.24268
Dominic Mcintosh,Cras.vehicula@nibhPhasellusnulla.net,USA,0,44,75460.52362,6280.929547,296972.4085,35018.3343
Tanner Ward,diam@orciUt.ca,USA,0,42,51075.46118,12416.84845,450402.2932,40258.82395
Wing Gray,urna.nec@tempusscelerisquelorem.org,USA,1,50,42433.54619,7335.524826000001,386057.42100000003,20903.602400000003
Lionel Mcclure,odio.auctor.vitae@placeratorcilacus.edu,USA,1,30,61922.8971,10366.50326,323453.2022,16880.718539999998
Wing Parks,sagittis@magnased.ca,USA,1,42,69946.93923999999,9010.648633,778537.2095,56449.02495
Oleg Gordon,Nunc.sollicitudin.commodo@blanditat.co.uk,USA,1,46,73476.42249,9656.806156,386287.0208,48835.511739999994
Jamal Stephenson,lorem.lorem@in.edu,USA,1,55,75571.20188,12887.548990000001,416540.299,56256.539639999995
Kadeem Larsen,ornare.lectus.ante@lectusNullam.net,USA,0,44,82573.01132,1696.9897640000002,562605.0655,54481.32866
Todd Maldonado,dui.semper.et@aultricies.net,USA,0,58,50649.64492,11211.720159999999,565932.1861,46573.6756
Victor Yang,arcu.Vivamus.sit@egestasSed.com,USA,1,42,53427.46192,7903.103591,238529.6336,24345.60975
Quamar Cummings,mauris@convallisconvallisdolor.co.uk,USA,1,57,75247.18061,13258.46631,659279.2011,53229.89877999999
Dominic Hughes,cursus.vestibulum.Mauris@pedenonummy.com,USA,1,43,69175.19403,6039.594518999999,325701.4083,52252.02625
Lamar Hensley,erat@pedeac.co.uk,USA,0,35,84171.16719,12719.64415,244310.5736,29275.71843
Solomon Atkinson,Aliquam@laoreet.net,USA,0,43,45721.66835,14250.523980000002,790526.5507,37291.88647
Dean Snider,tempus@sit.ca,USA,0,35,54355.7595,10008.76797,573052.0119,37172.17618
Vernon Kidd,sapien.imperdiet.ornare@vitaeerat.edu,USA,1,34,77206.48386000001,8493.098575,411070.4828,50492.69644
Dolan Clayton,justo@est.ca,USA,0,48,57005.18595,12416.79083,408147.0405,33674.537130000004
Marvin Deleon,lectus.Nullam@congueelitsed.ca,USA,1,53,65809.10782,4820.8394450000005,692401.4668,50790.18101
Merrill Bailey,natoque.penatibus@nislsem.net,USA,0,47,65468.1442,7248.5414200000005,588570.8903,36722.615060000004
Adrian Brock,Cras.lorem@nonvestibulumnec.net,USA,0,54,60991.82442999999,7329.228509999999,586368.9293,63576.420379999996
Rigel Craft,diam.eu.dolor@Proin.com,USA,0,51,61809.074510000006,2620.079459,407733.5229,55457.44008
Chaim Lewis,luctus@ut.org,USA,0,59,66905.47644,10077.495920000001,651215.6435,61889.689060000004
Kyle Evans,magnis@vitaenibh.org,USA,0,49,65131.25015,6206.922109,53366.13861,41563.55194
Ulysses Craig,sit.amet@orci.ca,USA,1,51,83626.30782999999,8458.749819,167031.5554,59948.36511
Nolan Nixon,arcu@etultricesposuere.co.uk,USA,0,40,64328.278920000004,13860.43821,567357.0264,37825.20706
Oren Rosario,ultrices.Vivamus.rhoncus@lacusMauris.net,USA,1,53,69255.98753,18361.24915,339207.2774,52821.67997
Hector Bowers,eget@Morbiquisurna.co.uk,USA,1,45,60575.126039999996,8088.344365000001,291360.0291,35938.66481
Tate Molina,erat@sitamet.ca,USA,0,45,63729.12568,12507.19736,271430.0543,32135.64804
Julian Alexander,Integer.id.magna@consequatenimdiam.co.uk,USA,0,37,64315.736710000005,14871.36126,502946.8819,30329.572889999996
Lucian Medina,rutrum@temporbibendum.com,USA,0,43,51419.01644,9026.061543000002,362564.346,32947.52734
Todd Bass,Lorem.ipsum.dolor@et.edu,USA,0,48,53870.484829999994,14720.53399,701782.5279999999,35289.66097
Mannix Snow,elit@euismodenim.net,USA,0,49,56895.23153,9851.578109,580950.3967,35321.23482
Benedict Serrano,blandit.viverra@mollisDuis.co.uk,USA,1,48,52534.207780000004,7583.753853,401955.501,26103.461600000002
Yoshio Potter,fringilla.cursus.purus@dolorvitae.ca,USA,1,45,52632.97124,12348.67783,293999.9427,42069.40183
Stone Koch,facilisis.Suspendisse@Duissit.ca,USA,1,43,42375.21424,6062.601360000001,510039.1484,20312.278710000002
Elliott Horne,sollicitudin.adipiscing.ligula@Sedeu.co.uk,USA,0,62,65617.29175,14392.288330000001,560593.416,51804.43011
Tanner Johnson,blandit.at@vulputateullamcorpermagna.org,USA,1,46,49398.74439,6994.617316,174525.8426,21688.83001
Gabriel Carson,et@venenatis.co.uk,USA,0,51,63869.64928,12860.65824,260269.0963,53443.60955
Cain Love,est.mollis.non@placerat.com,USA,1,44,60871.182479999996,4397.947571,262959.2506,28645.560899999997
Barry Larsen,Praesent.eu.dui@bibendumsed.com,USA,0,57,68090.5087,6181.970908,316064.0338,46058.53859
Lawrence Ryan,condimentum@duilectus.co.uk,USA,0,60,54122.87827000001,15164.87506,254617.2609,42065.12502
Allen Burke,eu.ultrices@In.edu,USA,1,39,59316.93704,12296.34158,510811.3695,33712.39444
Nero Morgan,non.sapien@seddictumeleifend.edu,USA,0,61,38779.18396,12758.89583,581497.8874,36835.9394
Reuben Holden,pede.nonummy@Vivamusnonlorem.co.uk,USA,1,50,88292.73205,10799.1381,378357.9385,58431.226720000006
Orson Hyde,gravida.sit@eget.net,USA,1,37,68688.40199,15796.31838,375889.6381,31939.552339999995
Nolan Conner,feugiat@felisNulla.org,USA,1,45,51906.85022,13686.96935,85520.85055,23291.218139999997
Stuart Reed,elementum@SeddictumProin.net,USA,1,50,52373.794460000005,11347.62967,633383.4925,40157.345910000004
Rashad Harper,auctor@arcuimperdiet.ca,USA,0,32,73768.12453,8132.073716,562663.8116,36626.6895
Dieter Delaney,sit.amet.risus@ipsum.ca,USA,0,34,55576.840679999994,9396.008371,475126.1252,16828.54347
Hop Farley,in@et.co.uk,USA,1,45,59689.814379999996,14862.84011,449895.3046,50910.64247
Darius Herring,imperdiet@sem.edu,USA,0,50,55381.53225,5088.239017,20000.0,27470.22537
Baker Saunders,Aliquam.nisl@hendreritidante.org,USA,0,51,34154.77654,5316.010491,216355.3406,28398.31418
Kermit Fuentes,ac@sedpedeCum.org,USA,0,53,54382.7481,6940.056371,191168.4476,25982.836019999995
Marvin Garner,in@sed.org,USA,0,34,65919.59731,7594.363993000001,543789.7212,38555.406310000006
Sebastian Marks,et.eros@feugiatmetussit.net,USA,0,56,39488.455819999996,10992.33383,363561.1972,44074.316589999995
Hector Price,Aliquam.nisl@semegetmassa.co.uk,USA,1,57,72637.84482,14938.506130000002,352507.9012,48853.41541
Holmes Irwin,Nunc.sed.orci@Namligulaelit.net,USA,1,48,67247.07698,9851.689537999999,368344.0637,56293.34819
Trevor Faulkner,ut@vitaesodales.net,USA,0,40,71271.84407,13122.45694,411045.8332,33418.06077
Gannon Nguyen,et.rutrum.eu@congue.net,USA,0,50,71693.44742000001,14421.48298,517480.0937,50282.70383
Quentin Randall,Fusce.aliquet@egetmassa.co.uk,USA,0,47,57860.53103,7146.192574,445745.5544,50093.02283
Baker Norton,convallis@purus.net,USA,1,39,69142.08412,8707.511531999999,399124.4489,32329.19107
Hakeem Mendoza,Maecenas@scelerisquelorem.ca,USA,1,36,52477.664939999995,12071.41684,97706.89181,21031.21409
Peter Maynard,vel.est.tempor@egetvenenatisa.com,USA,1,44,47592.04749,13167.65763,473101.0273,42127.80549
Devin Humphrey,sodales.Mauris@ametornare.ca,USA,0,47,48123.36983,921.5340233999999,405550.1689,44365.79346
Isaiah Harding,pede.blandit@disparturient.net,USA,1,33,76916.41515,13923.96207,315183.5688,29598.30465
Graiden Powell,pellentesque.tellus@faucibusidlibero.com,USA,1,42,65714.46469,12557.081329999999,362707.0273,29636.024210000003
Chancellor Padilla,pharetra@nuncsedlibero.edu,USA,1,47,40346.06491,11505.89906,255922.473,35453.951969999995
Philip Barnes,senectus.et.netus@nibhDonecest.net,USA,0,40,71148.20247999999,7917.650970000001,416817.4673,46171.4896
Cameron Cash,auctor@ipsum.org,USA,1,54,81757.66856,7500.778414,278181.8354,46784.769029999996
Eric Green,arcu.vel.quam@magnaPraesentinterdum.co.uk,USA,0,38,64867.149110000006,13962.95284,498441.5687,26555.07108
Tanek Koch,blandit@nunc.org,USA,0,40,70051.94033,4701.316175,613706.5421,35935.85378
Alan Browning,purus@Sed.ca,USA,1,45,62043.166229999995,4980.668295,357639.0334,40508.52929
Phelan Montoya,magna.tellus.faucibus@etmalesuadafames.co.uk,USA,0,51,85186.48921,12413.0319,546630.5284,63714.163389999994
Chancellor Patel,metus.eu.erat@suscipitnonummy.com,USA,1,38,47127.41632,10221.15388,427011.4954,37353.09521
Palmer Cohen,non.leo@mollis.net,USA,1,34,61177.08697999999,9837.222431999999,340663.3261,25734.8156
Ahmed Wright,consectetuer@auctorodio.com,USA,1,50,57770.364879999994,8628.434025,211765.2494,36169.11306
Burton Carroll,rhoncus.id.mollis@Maurisvel.org,USA,0,42,60432.40367000001,11417.46257,415005.3584,31168.201269999998
Nero Miranda,semper@vulputateposuere.net,USA,1,33,58999.88857999999,6904.420412,478422.7973,31261.454680000003
Ali Strong,dis.parturient.montes@eratvel.com,USA,1,56,62645.955160000005,11431.229659999999,613242.1668,59772.56257
Nasim Ryan,est.congue.a@convalliserat.net,USA,0,57,68782.15718,9810.752690000001,350157.8394,54879.277270000006
August Duncan,tempor.bibendum@Nuncpulvinar.co.uk,USA,1,37,67545.96382,7171.466112,322905.4592,24167.206879999998
Kieran Gilliam,ac.nulla@consectetueripsumnunc.co.uk,USA,0,51,42415.48867,5205.008323,520997.2385,38761.13129
Stone Hunt,convallis.erat@eratvel.org,USA,0,63,44617.98314,9683.735879,251702.1158,46125.346260000006
Malachi Henson,adipiscing.elit@Nunc.com,USA,1,53,72226.5603,5817.153854,623033.4820000001,64923.763960000004
Seth Massey,in.aliquet@fermentumvel.com,USA,1,51,48958.90535,2418.8643399999996,615672.4681,40487.44732
Ulric Robles,fringilla@ornare.edu,USA,1,48,86067.83527000001,9181.06743,335652.6234,56812.903379999996
Gannon Marquez,Aliquam@porttitor.net,USA,1,41,65554.4018,12026.57975,462613.8587,46758.355789999994
Marshall Armstrong,ipsum.cursus.vestibulum@a.com,USA,0,39,69248.4953,6445.784981,298246.0609,36356.65385
Christian Huffman,dignissim.Maecenas@tinciduntnuncac.co.uk,USA,0,45,59331.23555,10027.53449,543313.3454,44194.42539
Gil Sanders,eu.ultrices@cursuset.net,USA,0,70,52323.2448,12438.85648,346555.1716,55175.4127
Otto Thomas,orci.tincidunt.adipiscing@erat.edu,USA,0,51,63552.85175,9347.50353,474763.4696,46990.11935
Moses Blackburn,et.malesuada.fames@musProin.edu,USA,0,51,75116.10613,5969.666602,232607.3907,44474.31082
Drake Chen,enim.commodo@consequatenimdiam.com,USA,0,42,38284.020130000004,15467.78745,587010.5521,17072.996789999997
Christian Hernandez,dolor@vehiculaPellentesque.co.uk,USA,1,50,55293.507770000004,9465.090098,629764.2743,42388.0218
Jelani F. Pace,Morbi@atarcuVestibulum.co.uk,USA,1,40,63210.76235,3657.863218,664431.3966,38288.835139999996
Tiger I. Melton,rhoncus@nisl.net,USA,1,44,54918.38749,8920.385015,347017.8331,25306.93161
Quail D. Horne,sit.amet@FuscemollisDuis.org,USA,0,52,57262.79581,7793.073201,322150.3542,29207.04965
Hammett A. Manning,sapien.cursus.in@netus.edu,USA,1,41,72299.9501,11544.93385,275389.0701,30749.38317
Lamar V. Guthrie,vel@arcuVestibulumante.com,USA,0,57,50241.48985,14817.70896,607395.0183,41259.608589999996
Abra D. Golden,odio@Duis.com,USA,0,54,65834.56889,15353.257740000001,152012.353,39356.02085
Vaughan L. Mathis,eu@iaculis.org,USA,1,50,60382.17885,11302.88277,490444.4111,47770.90163
Alfreda V. Harrell,molestie@mi.net,USA,1,37,68691.17086,16305.789069999999,619707.4203,55673.30588
Nora X. Decker,non.enim@diam.org,USA,0,52,65446.656870000006,8491.586154,571564.7901,55383.38742000001
Jeanette Q. Leach,vitae@nisl.net,USA,0,43,42978.34284,8884.110690000001,491193.3773,38859.44758
Keiko O. Whitaker,est@porttitortellus.com,USA,0,52,58143.06285,9686.119304,261152.8211,50865.28948
Hector F. Leblanc,Curabitur@maurisaliquameu.net,USA,0,64,61666.2852,11672.723820000001,299854.2186,56677.93237
Emerald R. Cohen,in.consequat.enim@consectetuer.edu,USA,0,51,64854.339660000005,3247.887523,371240.2413,51070.42062
Cathleen E. Ortega,lectus@aliquamenim.org,USA,0,55,45757.15568,11207.01556,465709.8937,37624.89086
Velma K. Moses,augue.scelerisque@luctuslobortis.com,USA,1,47,73096.50927000001,10743.793,196421.7402,41098.44829
Lael W. Sheppard,eu.metus@sodalespurusin.net,USA,1,36,67249.05932,12998.47232,396793.4734,26936.542849999998
Indigo P. Dejesus,quam.Pellentesque.habitant@felis.com,USA,0,39,77165.81297,8737.20319,478853.3217,53213.25605
Quinlan S. Cantu,pede.Praesent.eu@Aliquam.net,USA,1,45,72316.18286,8728.916803,279393.49100000004,37777.68557
Mariam I. Montgomery,vel.mauris@accumsanneque.co.uk,USA,1,47,68431.27055,14088.90642,383693.2041,34511.265810000004
Pamela M. Cantu,posuere.enim.nisl@lectusNullam.ca,USA,0,47,62311.11641,9832.05731,830430.3692,49835.98675
Hanna C. Martinez,Maecenas.mi.felis@amet.co.uk,USA,0,60,53229.145469999996,10756.60888,112127.2567,31513.446169999996
Lynn S. Avery,dui.Suspendisse.ac@Sedegetlacus.net,USA,1,59,77662.1109,13444.89631,331460.4727,52393.469470000004
Laurel H. Snow,dui.Suspendisse.ac@tacitisociosqu.org,USA,1,36,69494.69782999999,20000.0,335809.6171,26633.56701
Keegan Q. Ramirez,aliquet@volutpatNulla.edu,USA,0,47,61063.35631,12066.26571,509543.0859,45654.266169999995
Shad K. Hancock,sit.amet@Proin.org,USA,1,38,79368.91741000001,13501.926590000001,761935.5177,63622.740379999996
Harding E. York,quis.lectus.Nullam@egestas.org,USA,1,42,61693.44352000001,10835.25736,620522.3842,51921.69732
Indira A. Aguilar,erat.Sed.nunc@aneque.ca,USA,1,33,47211.66812,4295.225339,539365.9366,30320.44144
Bell K. Romero,non.sapien.molestie@rhoncus.edu,USA,1,39,69897.75291,9624.908868999999,565814.725,31501.502370000002
Cassady L. Foreman,magna.Suspendisse@tincidunt.edu,USA,0,39,63675.932629999996,9631.974905,74257.82785,24848.05665
Samson N. Wagner,magna@sagittisaugueeu.org,USA,1,55,72302.03223,10813.75655,234159.0793,53220.7106
Wade O. Diaz,vel.sapien.imperdiet@dolorsit.co.uk,USA,0,45,63687.4988,13421.368209999999,358615.9327,33483.19965
Len B. Finley,dis@dis.edu,USA,1,51,63678.15467999999,5011.615145000001,563498.6636,48789.40455
Emerald U. Hanson,dui.quis.accumsan@pedeCrasvulputate.co.uk,USA,0,49,77435.46545,6922.152838,48620.32123,36940.717469999996
Cody G. Gill,sagittis.Nullam@acrisus.com,USA,1,46,62721.405139999995,16127.566190000001,494985.5363,31195.602530000004
Kyle R. Kaufman,Morbi.vehicula@mattis.org,USA,1,53,70842.83518,9536.899689,545946.9996,50086.41454
Drake D. Gray,orci.consectetuer@porttitor.com,USA,1,39,55285.98625,17462.07506,734443.6969,29197.29255
Honorato M. Butler,Cum.sociis.natoque@purus.ca,USA,1,43,72002.0552,14709.65824,568947.7487,39205.18103
Tate C. Foster,dignissim.magna@Maurisvel.edu,USA,1,70,41434.51258,6810.555606,252220.2937,32501.577410000005
Zelenia L. Lowe,Nunc.mauris.elit@Curabiturvel.edu,USA,0,51,60404.38394,4198.8391280000005,513974.6812,59352.97041
Callum U. Sweet,sem.ut@odio.edu,USA,0,52,65239.064679999996,7437.211028,168703.3385,28630.167610000004
Zane I. Boone,blandit@Cum.edu,USA,1,45,62939.12851,632.0528524,455589.7973,31793.984189999996
Timothy J. Terrell,orci@lobortis.com,USA,0,48,60608.40313,8233.280719,492113.0067,45113.509589999994
Zahir A. Estes,eleifend.vitae@Pellentesquehabitantmorbi.ca,USA,1,48,56118.396010000004,9242.775995,586717.4715,54109.7305
Michelle W. Ryan,ante.lectus@duiCum.net,USA,0,48,86706.33333,9653.26498,333543.693,63746.102020000006
Serena B. Moody,vitae.risus.Duis@hymenaeos.edu,USA,1,57,41236.36497,9399.342975,466988.2602,28779.75905
Mark V. Vaughn,Morbi.vehicula@ac.net,USA,1,46,77146.27597999999,7903.33495,418764.5061,44231.98392
Anjolie A. Galloway,consequat.nec.mollis@nec.ca,USA,0,44,56437.304039999995,10461.982759999999,249182.7848,29665.637300000002
Kylee O. Warner,cursus.in@neque.co.uk,USA,1,65,70703.85012999999,5025.365518,284991.7415,63260.24731
MacKenzie O. Fowler,Aliquam.nec.enim@nec.co.uk,USA,0,57,69810.46265,4684.556433,720423.8157,56839.69494
Lana S. Pace,augue@orci.com,USA,1,47,54279.395970000005,5699.184814,124979.0501,21329.6421
Wilma L. Stevenson,non.vestibulum@consectetuer.ca,USA,0,36,70334.42787,9823.218967,632600.4718,37194.27233
Sandra J. Huber,enim@famesac.org,USA,0,57,59168.00751,10474.44187,623487.5952,45056.18105
Octavius C. Spencer,Curabitur.consequat@miDuisrisus.com,USA,0,33,61889.61618,12024.48457,133226.0617,25901.07443
Brendan G. Kelley,vel@lorem.org,USA,1,43,66013.95174,7039.5400230000005,610942.1408,48442.619419999995
Shaeleigh M. Mckenzie,diam.lorem.auctor@estmollisnon.net,USA,1,46,55434.040460000004,18693.14652,316906.6441,44915.92033
Rooney R. Padilla,eu.turpis@accumsansed.co.uk,USA,0,45,68499.69447,15436.799680000002,308445.8598,44343.566119999996
Damon K. Boone,nec@ad.net,USA,1,43,54749.88645,7631.6878209999995,152883.3519,28657.1311
Taylor A. Patel,erat.vitae.risus@temporarcu.edu,USA,1,38,74590.25495,5614.004976,573441.9724,33928.16457
Lillith H. Larsen,dignissim.lacus.Aliquam@maurissapien.com,USA,1,40,67772.66646000001,6887.2483010000005,134188.4492,37412.00057
Tobias L. Sullivan,tempus.non@nasceturridiculus.ca,USA,1,43,62563.57825,6130.305181000001,426488.7459,43548.165539999995
Quincy Q. Ayers,nisl.Nulla@Donecelementumlorem.net,USA,0,42,70361.01504,12024.72511,575500.7687,40118.11628
Ulysses X. Burch,Sed.nunc.est@arcuMorbi.edu,USA,0,51,74810.89471000001,13658.34201,286849.7875,38725.55229
Jorden I. Whitley,turpis@orci.com,USA,0,38,49346.405,5827.820346,479685.9824,40384.98803
Heather G. Goodwin,semper.egestas@maurissapien.co.uk,USA,1,41,73426.08521,14822.79645,336867.7147,39709.96993
Yardley W. Jacobson,enim.non.nisi@Ut.net,USA,1,54,47684.46306,10128.76114,613372.8917,38796.02057
Gray F. Walker,lobortis.Class.aptent@iaculis.com,USA,0,45,72939.83195,7787.204492,589669.6573,57550.47595
Piper S. Houston,risus@enimconsequat.org,USA,0,41,72277.82609,13580.87747,202710.1294,45566.66038
Chester X. Carrillo,tempor.erat.neque@ac.com,USA,1,40,53921.333510000004,9046.18109,515305.4841,26198.825080000002
Nathaniel P. Stephens,Cras.dictum.ultricies@conubia.ca,USA,0,32,65312.96755,11398.824859999999,572037.8859,31675.85125
Jennifer C. Williamson,rutrum@fermentumconvallisligula.ca,USA,0,54,55619.34152,11212.437909999999,229070.5491,39468.07256
Rae C. Hodge,lacus@massaSuspendisse.ca,USA,0,55,70914.59993,9644.410259999999,779143.6005,67906.93694
Urielle M. Contreras,elit.Aliquam.auctor@dolor.org,USA,0,35,33422.996830000004,8570.611562,211168.6293,15752.93842
Mechelle W. Stanton,Pellentesque.habitant@auctorquistristique.org,USA,0,46,53382.42693,5055.43571,438491.876,48662.13039
Leila F. Hubbard,ultrices.posuere.cubilia@magnisdis.com,USA,1,45,74173.39239,11315.59626,521404.2386,48668.08196
Tanisha H. Foster,sem.vitae@malesuadafringillaest.net,USA,0,50,53587.12801,8501.49728,811594.0392,59646.977419999996
Hammett F. Marsh,tempus.scelerisque@maurisaliquam.ca,USA,1,54,58011.6339,9822.426192,552454.0263,47828.90791
Calvin A. Lancaster,ante.bibendum.ullamcorper@fringilla.net,USA,1,29,69171.95281,6354.833826,613104.784,30004.658389999997
Rachel H. Ballard,ipsum.leo.elementum@amet.org,USA,1,56,66779.91374,14300.12614,202576.6196,34241.02542
Solomon P. Randolph,orci.luctus.et@lacus.com,USA,0,54,79173.0767,6913.0568299999995,397700.1404,68632.91183
Kasimir Q. Cherry,risus@in.net,USA,0,33,63065.12164,8907.661779,505897.3041,43729.64559
Dominic I. Faulkner,pharetra.Nam@sociisnatoque.org,USA,0,48,65530.364010000005,8774.069514,210573.7042,26703.283430000003
Pascale I. Key,urna.suscipit@enim.ca,USA,0,49,63732.3931,12848.20061,581620.4824,52083.17434
Nola L. Sweeney,eu@necmaurisblandit.co.uk,USA,0,55,62689.539639999995,8732.143355,481513.5074,55012.86074
Clementine X. Powell,quis.pede@Aliquamfringilla.ca,USA,0,42,51539.93045,6932.950306000001,371355.6935,22034.03477
Quinlan U. Sears,magna@velarcueu.ca,USA,1,41,59060.086639999994,5841.6120439999995,136346.3069,17451.64694
Odette Q. Sherman,Mauris.molestie@Intincidunt.co.uk,USA,1,53,62713.78149,11498.039929999999,679435.1745,66288.51157999999
Kirestin F. Yang,eleifend.egestas.Sed@tempus.net,USA,1,53,44747.66132,4975.144559,793986.6155,43798.62427
Colleen S. Mcguire,tincidunt@Proinsedturpis.edu,USA,0,44,65529.70333,3932.8381649999997,353929.5495,43154.347389999995
Dennis N. Thompson,vitae.erat@urnaNullamlobortis.ca,USA,0,42,62426.52379,6619.929677,630411.2698,41935.477810000004
Lester J. Burch,Nunc.mauris@commodo.com,USA,0,41,73498.30715,3066.939924,491904.1899,49038.11718
Madeson R. Salinas,Cum.sociis.natoque@acnullaIn.edu,USA,0,48,86565.15641,13701.79986,819002.1748,79025.29664
Abigail X. Lindsey,dui@nondui.ca,USA,0,63,46549.16329,640.045378,626163.832,48007.38497000001
Rachel E. Suarez,non.vestibulum.nec@euturpis.co.uk,USA,1,59,70111.5398,7949.463648999999,239217.6732,45457.7555
Derek X. Richards,tincidunt@porttitor.com,USA,1,45,66747.66857000001,9691.234620000001,221290.9818,35635.81613
Evangeline G. Cooper,Integer.id.magna@Sedidrisus.org,USA,1,47,72025.6768,6988.652756999999,222341.0342,49028.41097
Kieran G. Justice,in@Sed.co.uk,USA,1,49,70737.29383,13851.11162,266765.477,54764.17422
Zenia H. Patel,dis@tortor.com,USA,1,40,57455.7609,12186.02793,159727.8753,18249.812680000003
Michelle R. Burke,dui@justo.ca,USA,1,41,60657.59355,3331.3047469999997,392177.789,46644.00163
Florence U. Hunter,diam@tellus.org,USA,0,47,50694.42707,10881.901020000001,587858.6295,50350.53925
Jelani A. Wall,aliquet@Duisa.co.uk,USA,0,27,55369.72784,10888.934940000001,606851.1696,16247.83337
"England, Abel D.",enim.commodo@parturientmontesnascetur.org,USA,1,46,82425.64679,7525.252104000001,684273.5913,51437.20422000001
"Oconnor, Linus Q.",Donec.elementum@Fuscemilorem.co.uk,USA,0,51,82094.10712,1065.607589,577272.6805,52098.76188
"Herman, Griffith P.",ligula.Nullam.enim@nibhlacinia.edu,USA,0,43,74090.51299,10877.69223,225670.1288,36642.565480000005
"Knapp, Quamar P.",Maecenas.libero.est@miacmattis.com,USA,0,32,73935.74201,8253.583456999999,625484.0917,53312.30502
"Chambers, Avram C.",Nunc.pulvinar.arcu@ultricesaauctor.ca,USA,1,63,75719.22986,10515.28135,474485.6659,57136.23276
"Cervantes, Rylee Q.",luctus.lobortis.Class@sitametdapibus.co.uk,USA,1,35,47054.14246,7234.672092,275762.4836,20519.11839
"Ashley, Macon Z.",metus.Vivamus.euismod@arcuVivamus.co.uk,USA,1,50,42003.016169999995,6052.844775,579220.0393,44245.174060000005
"Jimenez, Joel G.",faucibus.lectus.a@ut.net,USA,0,51,74418.55717,8632.699007,472761.6208,57768.61377
"Bond, Caryn Y.",libero.Proin@acnulla.net,USA,1,54,52786.1971,9246.813159000001,556014.9704,50962.12107
"Gross, Cedric D.",aliquam.adipiscing@maurissapien.edu,USA,0,37,78804.99824,12710.00309,315058.7167,34914.72862
"Dyer, Aline L.",convallis@scelerisque.net,USA,0,44,66932.47176,11033.16277,149761.1281,35265.77621
"Rivers, Sonya A.",vel.lectus@Praesent.net,USA,1,57,56066.07685,5235.7599,497876.2478,57623.48719
"Frazier, Kai O.",Cras@quamelementum.com,USA,0,47,48591.57177,14309.21115,364858.7148,24973.311330000004
"Bond, Nyssa S.",fringilla.euismod.enim@aauctornon.net,USA,0,52,38213.888439999995,11492.741740000001,579059.3132,30389.933430000005
"Rush, Jarrod T.",vestibulum.nec.euismod@netusetmalesuada.ca,USA,1,52,56444.76848,11932.738809999999,69821.6376,38616.16156
"Stephens, Tanner E.",egestas@turpisnecmauris.com,USA,0,48,67080.6142,7880.423663,244188.0008,28067.212739999995
"Cameron, Kimberley P.",nec.tellus@lacinia.co.uk,USA,1,55,83333.81053999999,9874.075327,1000000.0,88280.0
"Mcdowell, Victoria J.",risus.Duis@ornareFuscemollis.net,USA,0,47,73502.12457999999,11132.39299,765711.6025,47144.97788
"Dalton, Grant D.",velit@doloregestas.net,USA,1,45,88816.02695,9317.22195,493592.1764,62095.73247
"Gregory, Reuben Z.",fermentum@blanditviverra.ca,USA,1,40,70381.37499,6718.857016,305253.2658,42497.24598
"Schultz, Lee I.",velit.eget.laoreet@quis.ca,USA,1,47,67647.74764,8767.783546999999,787984.2882,49325.710510000004
"Wise, Mechelle E.",est.mollis@dui.ca,USA,0,45,79781.90126,11148.10325,427287.6277,45632.89411
"Mcclure, Avye L.",dictum@lorem.org,USA,1,49,64665.391220000005,7404.080751,521815.7353,47872.88173
"Livingston, Blaze Y.",montes.nascetur@liberoet.co.uk,USA,0,60,58837.97087999999,12788.81573,622324.7499,63558.02617999999
"Fuentes, Dora E.",nonummy@ornareelitelit.org,USA,0,34,49607.23466,9344.32377,290711.86699999997,7807.259819999999
"Thompson, Alvin R.",interdum.ligula@Phasellus.edu,USA,0,36,67032.16445,7666.5303,516738.1724,39764.894589999996
"Armstrong, Hedda N.",magnis.dis@aliquam.org,USA,0,51,65245.573789999995,11554.2723,542777.4892,46694.481830000004
"Casey, Sylvia E.",Integer.vitae.nibh@a.org,USA,0,42,56174.3433,10394.57246,398011.5804,36365.93642
"Shaw, Rooney Q.",Curabitur.vel@Nullam.net,USA,0,48,47227.015419999996,11312.51035,642335.1021,48951.97349
"Sexton, Shaeleigh H.",Cras.convallis.convallis@Fuscealiquam.net,USA,1,35,40300.49467,8828.164449,719846.9824,19920.71078
"Langley, Skyler J.",mi.eleifend.egestas@cursuset.net,USA,1,44,45504.748660000005,9245.466785999999,374777.6929,22993.049310000002
"Caldwell, Yolanda F.",ac.facilisis.facilisis@necmalesuada.com,USA,0,48,50017.381539999995,7514.393034999999,160487.0006,36481.70271
"Olson, Riley O.",ornare.sagittis@hendrerit.ca,USA,1,47,66226.72902,8511.814921,356213.0776,30663.35963
"Irwin, Dillon J.",arcu@dictummiac.edu,USA,0,31,41361.95045,10755.50842,615720.0425,34603.93221
"Terry, Mollie K.",quam.dignissim.pharetra@aauctornon.ca,USA,1,45,56687.41273,9050.284083,414034.6096,31273.597889999997
"Hudson, Maxwell F.",metus.eu.erat@non.org,USA,0,49,68114.60169,11633.95265,521061.1115,57613.72866
"Levy, Irma P.",lacus.varius@sitamet.ca,USA,0,61,51086.88482,12254.539429999999,59630.07789,38533.6116
"Brady, Oscar Y.",erat@urnaUttincidunt.com,USA,0,51,71921.45038,6354.3726289999995,169714.2655,43261.75365
"Dudley, Ryder M.",sed@sedtortor.co.uk,USA,1,35,56807.01727999999,8851.564939,385250.7163,35397.10903
"Morales, Halla M.",elit.elit.fermentum@erosturpisnon.org,USA,0,53,43019.8475,8527.034281,454791.7251,47619.79389
"Holloway, Brennan Q.",fringilla.purus.mauris@risusatfringilla.ca,USA,1,42,63875.209989999996,11397.68601,188327.5831,42293.83226
"Powers, Naomi B.",Cras.eu@vitaevelitegestas.net,USA,1,39,41587.392380000005,5397.031602,322891.7787,24339.919830000003
"Armstrong, Naomi D.",nunc.sed.pede@Quisqueporttitor.net,USA,1,38,49661.96712,4679.441732,375654.1472,18401.687789999996
"Flores, Caldwell U.",ut@Etiamvestibulum.ca,USA,0,41,92471.17612,5404.397644,515717.7476,57724.269779999995
"Russo, Fleur N.",erat@at.edu,USA,0,44,70136.82862,7765.975483,555993.1081,46931.86612
"Reese, Sylvia H.",Proin.nisl.sem@Maecenasmalesuada.co.uk,USA,1,43,52664.717189999996,14435.74305,411932.8191,32037.122369999997
"Burke, Simon H.",lacinia@Nullam.com,USA,1,39,55618.06942000001,7557.6572049999995,854283.5574,35643.35204
"Mayer, Paki D.",Nunc.lectus.pede@egestasrhoncus.com,USA,0,33,54912.440429999995,8203.56263,537572.1338,19829.18978
"Bush, Jessica C.",dolor.sit.amet@iaculisneceleifend.ca,USA,0,47,56692.780439999995,7946.435929,685541.6501,56294.294610000004
"West, April J.",ante@nisi.org,USA,0,45,63561.04525,3730.11972,608019.6308,37828.88394
"Levy, Wesley S.",facilisis.vitae.orci@sociosquad.co.uk,USA,1,51,62788.935289999994,13224.45167,192514.6431,39093.597969999995
"Nieves, Bertha O.",dolor@velitegestas.org,USA,0,42,38453.86033,15283.417519999999,320834.0102,31773.999369999998
"Patrick, Merritt L.",ut@nonummyut.net,USA,0,55,59486.27073,6515.336778,228434.0508,39562.076810000006
"Mcdaniel, Marcia Z.",non.nisi.Aenean@etmagnis.co.uk,USA,1,62,68149.63056,9560.448204,401916.0981,57502.06616
"Ortiz, Drew P.",tincidunt@vel.edu,USA,0,52,49393.46784,11521.6189,475263.2759,52387.9932
"Oneill, Tiger A.",orci.Phasellus@ut.org,USA,0,51,72262.20245,12124.823859999999,187821.0958,38631.727739999995
"Sims, Tashya J.",aliquam@anteNuncmauris.ca,USA,1,63,64494.39535,8765.624109,408679.8596,55489.06865
"Lawrence, Hope Z.",metus.vitae@Morbisitamet.ca,USA,1,46,54362.70307,15647.35449,388898.06899999996,28559.800649999997
"Jenkins, Hasad P.",adipiscing.elit.Aliquam@Utsagittislobortis.co.uk,USA,1,47,55657.65681,9625.399586,377424.6157,48765.57909
"Rodriguez, Basia D.",Vestibulum@lobortis.org,USA,0,58,73512.41269,11054.27478,236420.9695,44123.18769
"Blair, Abra U.",montes@Loremipsum.edu,USA,1,37,70621.52393,9384.067625,366327.7432,31069.94268
"Rosario, Elijah N.",In@non.com,USA,1,51,70275.68706,10359.175790000001,253181.9789,51402.12043
"Beach, Victor S.",consequat.auctor@lacuspede.co.uk,USA,0,36,74420.10253999999,10274.13558,551344.3365,52216.80993
"Ruiz, Rafael L.",sed.pede@volutpatNulladignissim.net,USA,1,32,54395.05356,10693.887040000001,549212.4268,34878.07803999999
"Macdonald, Rahim B.",augue.eu@nisi.edu,USA,1,32,60384.34541,11518.29175,589180.4485,25350.952989999998
"Valdez, Joy U.",lobortis.quam@velarcueu.org,USA,1,43,66813.664,15458.68867,600685.1915,51291.1634
"Watson, Moana M.",ipsum.Suspendisse@diamDuismi.org,USA,0,51,84120.95497,9596.513090999999,27888.74525,34456.85816
"Cote, Evangeline F.",lorem.tristique.aliquet@estNunclaoreet.net,USA,1,43,54236.62092,7275.314728,432447.5324,42876.10293
"Delgado, Jasper U.",lacinia@posuere.ca,USA,1,58,64426.59613,9514.645028,137601.844,55439.52519
"Hardy, Hilary R.",egestas.Fusce@orciDonecnibh.com,USA,1,49,71150.19894,9848.997856999998,480468.24700000003,53696.56257
"Stafford, Berk Y.",Quisque@ultriciessem.net,USA,0,43,60325.20676,10128.1151,62149.94034,32916.662710000004
"Daugherty, Veda M.",venenatis.vel.faucibus@iaculisnec.net,USA,1,48,91083.73917999999,13148.85597,387538.2487,50244.834279999995
"Harmon, David N.",aliquet.diam.Sed@posuere.org,USA,0,40,60380.22867999999,2799.7196010000002,508962.4874,43685.43302
"Houston, Grant O.",ut.aliquam@egetlacusMauris.ca,USA,1,35,72948.11812,12664.320520000001,360457.0496,40468.80328
"Collier, Xerxes Q.",eu@magnaLorem.org,USA,0,43,74834.57117000001,9366.027561,712233.8241,61275.44727999999
"Lewis, Jackson U.",pellentesque.a.facilisis@nonlacinia.co.uk,USA,1,57,67752.38329,13851.921219999998,657178.4135,72502.84328999999
"Smith, Nola H.",orci.lacus.vestibulum@gravidasit.co.uk,USA,1,47,59205.89035,2689.317953,856287.1522,56767.833889999994
"Jensen, Ebony Y.",ac@sagittisNullam.net,USA,0,32,64874.03367999999,8511.835275,528087.5277,34605.184519999995
"Kim, Claudia W.",sit.amet@dignissimmagnaa.edu,USA,0,44,63305.84963,16146.77016,749016.565,60496.83479
"Livingston, Lucas K.",porttitor.scelerisque@Aliquam.ca,USA,0,50,74176.2079,11894.4244,290608.3977,39365.674960000004
"Bradford, Daquan F.",Nunc@euarcuMorbi.ca,USA,1,44,47230.92278,4421.153379,558001.0241,36948.84386
"Park, Quincy A.",amet.consectetuer@orciinconsequat.ca,USA,0,57,65980.95617,7009.186038,173272.8954,44292.96049
"Dillon, Lynn W.",ornare.egestas.ligula@urnaVivamusmolestie.com,USA,0,35,51428.66337,9221.265417,457116.1945,31547.870130000003
"Blackburn, Joel Y.",semper@tristique.co.uk,USA,1,53,75381.07571,7925.059589,545125.9592,68751.18837
"Sanders, Selma F.",velit.Pellentesque@Nullam.org,USA,1,41,54742.3946,10342.60917,447393.4883,22805.48846
"Solis, Melissa T.",placerat.eget@placeratorcilacus.com,USA,0,44,76245.2434,6139.387823,674190.6949,61345.87131
"Holmes, Ross Y.",velit@Pellentesquetincidunttempus.net,USA,1,63,60409.75787,9611.317626,255285.4063,45880.07691
"Sutton, Michelle D.",enim.Mauris@Namac.net,USA,0,50,57600.59673,10340.30041,128387.9293,38372.82935
"Munoz, Kennedy K.",dolor@nislelementumpurus.edu,USA,1,42,71371.92543999999,7094.826999999999,321431.279,29442.322099999998
"Little, Hayley R.",nunc.est@purusmaurisa.co.uk,USA,1,41,79444.01301,11620.1079,627086.6563,46461.989460000004
"Church, Lareina E.",lectus.rutrum.urna@nisinibh.co.uk,USA,0,40,47569.44212,7840.293189,281690.8431,15010.90843
"Wolf, Tashya X.",nulla.Integer.vulputate@eutelluseu.edu,USA,1,40,71193.72803,3854.7331770000005,762832.2606,49974.44322000001
"Barr, Hyatt D.",sem@odiovel.edu,USA,1,56,46412.82136,11652.2729,595028.8431,54404.76767
"Hopper, Orson W.",luctus@magnaseddui.net,USA,1,48,57368.056220000006,10175.74457,466128.9118,46569.657269999996
"Decker, Jolie T.",pellentesque.massa.lobortis@facilisis.net,USA,1,41,65826.12291,11715.3714,416748.7309,47273.7929
"Chaney, Reuben I.",Integer@vulputate.net,USA,0,61,61824.8798,11211.99502,660897.0146,63086.050820000004
"Ross, Kermit D.",Donec@lacusQuisquepurus.net,USA,1,35,61723.006129999994,9913.194941,291897.4057,30103.657260000004
"Hampton, Venus Q.",elit@faucibusMorbivehicula.net,USA,0,55,72310.39623,3093.7076859999997,724025.4097,62491.22012
"Chavez, Ralph U.",Aenean@interdum.edu,USA,0,37,67548.77415,10462.35581,388284.2974,40648.7082
"Whitaker, Adena B.",pharetra.sed.hendrerit@accumsanneque.com,USA,0,48,62175.68945,12967.284,343290.677,33971.5196
Nola,elit@Fuscealiquamenim.ca,USA,0,32,60584.85457999999,8133.459309999999,129635.6343,9154.458630000001
Melodie,facilisi.Sed@tortordictum.com,USA,1,62,66655.4142,8001.644302,805075.5197,70191.96768
Seth,dignissim@nibhPhasellus.com,USA,0,49,63718.8812,11863.06428,298920.0067,28864.582239999996
Kyra,Etiam@diamluctus.org,USA,0,43,60862.97749,8033.550461,344060.1754,30540.575110000005
Caldwell,amet@congue.edu,USA,1,36,67508.12293,10188.68685,141587.6498,17257.8
Benjamin,nisi.Mauris.nulla@vitaeodiosagittis.ca,USA,0,61,61639.76386,17870.63765,684209.551,62604.94051
Florence,eros@faucibus.com,USA,0,46,63172.95729,6332.2019,456524.7944,33845.94547
Oleg,Aenean.gravida@mifelis.com,USA,0,57,58653.6591,17142.41332,201228.0206,34564.87507
Donovan,iaculis.odio.Nam@sedfacilisis.org,USA,1,36,40558.75456,4981.269146,283241.2769,14068.29827
Blaze,vitae.semper.egestas@montesnascetur.co.uk,USA,0,49,76870.00765,5575.323415999999,266531.2969,53410.60697
Illana,mi.pede.nonummy@euismodetcommodo.org,USA,1,63,71948.80529,8061.968487,365862.7818,64390.71426
Yvette,justo@pedeCras.ca,USA,0,49,67629.84819,10916.85532,151946.3089,44487.382880000005
Walter,metus.vitae.velit@CuraePhasellus.co.uk,USA,1,44,67121.32166,12087.381159999999,472403.1231,46260.53583
Dexter,est.arcu@in.org,USA,1,43,57376.4803,12878.545820000001,376886.359,38080.63439
Cameran,tristique@ligulaAliquam.net,USA,0,48,56944.87077,16449.0665,116407.5289,19372.641300000003
Penelope,vestibulum@metus.org,USA,0,37,60174.05765,15666.43155,271414.7592,24725.609269999997
Hyatt,erat.Vivamus@ligula.co.uk,USA,1,49,81997.33071000001,12616.45622,237185.1714,43740.41478
Stone,neque.non@iaculisaliquet.edu,USA,1,40,36960.76994,1768.8744379999998,630120.001,18354.5798
Irma,placerat.eget.venenatis@elitpharetraut.edu,USA,0,42,64412.43101,10449.61818,355175.3677,36447.45349
Josiah,Phasellus@Aliquamadipiscing.co.uk,USA,1,30,70076.22764,1726.8098850000001,552267.6361,37961.87433
Nathan,Nam.interdum.enim@et.com,USA,1,43,72016.92459,11602.742970000001,205006.2161,44669.8625
Stacy,aliquet.odio@fermentumvel.edu,USA,0,55,63186.12783,7122.163863,762601.0836,55469.71192
Kane,iaculis.quis.pede@adipiscingenim.net,USA,0,40,76086.84122,9258.181529000001,482866.5457,41145.272110000005
Reed,diam.nunc@lectusconvallisest.org,USA,1,38,74445.72702,7515.152476,297964.2638,40155.0498
Lani,odio.Phasellus@fringilla.co.uk,USA,0,43,85475.64202,13786.149419999998,267555.1178,37406.47685
Curran,risus@Sedmalesuada.net,USA,1,37,51111.76605,9057.600508,461366.7829,25139.626310000003
Rhonda,Sed.congue.elit@faucibusleo.ca,USA,0,41,79064.9559,7221.667168999999,365871.4992,33159.47741
Leroy,arcu.et.pede@Morbinequetellus.org,USA,1,42,55514.9934,8009.719809,394229.8972,24517.42411
Adrienne,mauris.Morbi@ligulatortordictum.net,USA,0,38,75901.81829,6512.711020000001,357468.1866,49655.53815
Aileen,venenatis.lacus@nuncQuisque.edu,USA,0,43,56687.93949,10827.1614,790116.4252,48724.84335
Rafael,nonummy.Fusce@sem.net,USA,0,44,59801.06311,8042.386734000001,601744.9607,51396.6849
Olivia,lacus.vestibulum.lorem@gravidaAliquamtincidunt.ca,USA,0,41,57303.83325,10836.41709,258194.8443,39160.6467
Hiram,ipsum.non.arcu@placeratorci.com,USA,0,46,43412.86301,7843.402994,392003.2864,17948.375219999998
Jelani,consectetuer.adipiscing.elit@vestibulumneceuismod.net,USA,1,46,58948.93261,8282.075073,205439.3663,43786.00344
Madeson,libero.et@Crasdictum.ca,USA,1,40,56086.45032999999,6588.606462,228388.5491,23787.56184
Uriah,molestie@commodoauctorvelit.co.uk,USA,1,45,80015.83115,9064.618618,508555.1592,57744.566679999996
Brady,massa@nec.co.uk,USA,1,58,41409.2939,8211.34092,421318.9764,48522.645280000004
Denise,montes@inconsectetuer.edu,USA,0,62,40387.9207,5761.401538,622569.5959,40712.90169
Lyle,nascetur@amet.org,USA,0,52,48746.716660000006,3923.407178,217188.4056,30869.428460000003
Victor,lectus.a@nonhendreritid.org,USA,0,44,70230.15497999999,8542.019129,320525.7282,50270.2733
Demetria,Donec.at@sedlibero.net,USA,0,44,64961.39305,6885.723977,265717.2542,24317.030230000004
Ora,bibendum.Donec.felis@liberoestcongue.org,USA,1,40,57777.15558,19692.91262,601210.2803,34543.46679
Trevor,Sed@Pellentesquetincidunttempus.edu,USA,0,33,54447.15275,13141.31969,284155.4155,28618.59205
Kristen,urna@vitaeodiosagittis.ca,USA,1,44,59712.311010000005,7135.98755,487564.5541,38679.113110000006
Aristotle,ac@non.com,USA,0,42,65605.41798,13629.1104,297540.8814,48199.60925
Camden,Aliquam.adipiscing.lobortis@loremut.net,USA,1,20,70467.29492,100.0,494606.6334,28124.39425
Urielle,est.congue@Nunc.edu,USA,0,53,76318.87883,6392.211408,245216.1691,52367.41786
Jolene,erat.neque.non@elit.com,USA,1,56,77657.56242999999,14438.242330000001,622831.922,65513.25077
Holly,accumsan@parturientmontes.net,USA,1,44,60487.90116,9911.037592,478428.7174,29814.271289999997
Wayne,molestie.orci@condimentum.com,USA,1,52,67729.9725,10279.91264,314885.1345,37416.10595
Judith,vel.nisl.Quisque@mollisPhasellus.co.uk,USA,0,43,49463.0635,6478.156506,201636.866,31690.171039999997
Dennis,nunc.nulla.vulputate@dignissimmagnaa.edu,USA,1,49,65850.47688,3912.3856159999996,419556.6198,48420.82593
Kaitlin,parturient@Nuncsollicitudincommodo.co.uk,USA,1,56,66505.38124,3942.76762,621309.5863,46748.16361
Harriet,amet.orci@tellus.net,USA,0,47,58260.57232000001,4658.41454,507572.635,34797.460810000004
Tatyana,sem@parturientmontesnascetur.net,USA,0,25,45092.74073,11380.09288,158758.3577,5000.0
Paula,Nam@enimmitempor.com,USA,1,45,63845.77186,7761.848528,505048.7599,49015.10616
Tamekah,ut.pharetra@ametultricies.net,USA,1,46,55293.575,8276.644565999999,169475.9968,31290.201910000003
Brandon,non@purusaccumsaninterdum.com,USA,0,33,87598.01501,10814.57915,485563.7363,42550.15839
Veda,et.euismod@Duis.co.uk,USA,1,43,71753.30877,9119.791422,400703.2655,53283.5656
Seth,Nulla.aliquet@sedturpisnec.co.uk,USA,1,48,45368.15561,12203.48778,577058.1773,48915.11417
Kai,velit@molestie.com,USA,0,48,45362.669819999996,2524.9921050000003,399437.5235,36054.1486
Piper,erat.neque@mattisvelitjusto.org,USA,0,40,40727.39196,9725.549901,508528.9957,17091.7932
Hillary,ut.mi.Duis@quisarcu.com,USA,1,39,58632.58875,12035.37079,516817.3173,31178.06228
Francis,Phasellus@estcongue.ca,USA,0,39,66680.2741,10263.148990000002,556945.8742,46046.63323
Rogan,pulvinar@porttitortellus.ca,USA,1,54,75892.3053,8110.946984,177878.1758,42210.42226
Kyle,a.feugiat@enimnisl.com,USA,0,53,59297.41631,9592.433147,567842.1267,45629.36517
Vaughan,Aliquam@aaliquet.com,USA,0,51,92455.72807000001,9877.169366,285326.3544,57436.22577999999
India,risus.at.fringilla@feugiat.ca,USA,0,55,32697.981610000003,10858.025259999999,218808.7553,30940.64326
Edward,rutrum.urna@faucibusidlibero.co.uk,USA,1,35,55418.75606,8837.654857,312927.9187,17525.200780000003
Laurel,felis@orciconsectetuereuismod.ca,USA,0,43,68921.40213,8120.204455,515012.2804,54927.48549
Igor,Proin.eget@aliquetnecimperdiet.org,USA,0,37,43739.97829,5933.177726,517110.9454,35514.86039
Diana,purus.ac.tellus@parturientmontesnascetur.org,USA,0,60,81565.95967000001,9072.063059,544291.9504,56991.47402000001
Todd,egestas.a@vel.ca,USA,0,44,65364.06334,7839.414395999999,579640.7982,52938.650910000004
Zephania,montes@sedsem.ca,USA,1,39,65019.15701,4931.56016,341330.7344,30511.23474
Brock,Vivamus.nisi@elitpharetraut.ca,USA,1,42,58243.17992,15149.034259999999,649323.7878,36994.81936
Avye,Cras@eros.net,USA,0,32,73558.87333999999,11164.52652,301245.7708,24291.247929999998
Serena,odio.Nam@estac.ca,USA,1,52,66088.02369,6769.181833,557098.9636,44331.37361
Barclay,diam.Proin@ut.edu,USA,0,56,54441.72437,4362.720324,432850.4157,43791.69071
Isabella,et.magnis@necmetus.ca,USA,1,41,60101.79725,12989.36784,340720.5185,36691.554710000004
Mia,sed.est@afelisullamcorper.edu,USA,1,51,50153.43545,6596.01369,266939.1746,33576.70996
Chester,Integer@odioauctor.co.uk,USA,0,58,61430.93415,11561.07365,421891.846,52653.88052
Isaac,pretium.aliquet.metus@pretiumneque.com,USA,0,51,65846.5096,9141.668545,531840.3342,45982.44567
Heather,erat.Etiam@elementum.org,USA,1,29,55433.61187000001,10769.750590000001,276466.6203,11081.113669999999
Justine,orci.adipiscing@penatibuset.com,USA,1,53,62979.60196,14297.25366,247421.9185,51280.67953
Bert,sem.Pellentesque@quis.net,USA,0,43,76523.33258,10373.00856,620355.2658,51526.876970000005
Gil,Phasellus.fermentum@dictumplacerataugue.net,USA,0,62,63956.1618,16978.52745,360787.6401,59773.132939999996
Dolan,ipsum.Phasellus@egestasblanditNam.edu,USA,1,60,39460.00348,8769.290288,571245.3714,57337.74443
Cheryl,iaculis.enim@nislelementum.edu,USA,1,37,66923.43536,8611.468093000001,522814.81700000004,35976.64123
Courtney,porttitor.tellus@elitelit.org,USA,0,43,50051.14039,893.2353408,347177.8367,29914.53423
Neville,felis.Nulla@mi.ca,USA,0,42,61575.9502,594.8049491,497197.26399999997,49270.62412
Gloria,Curabitur.egestas.nunc@fermentumfermentum.ca,USA,0,55,64430.073979999994,6924.106833,664862.0102,48088.40327
Jonah,augue@risusNuncac.co.uk,USA,1,46,63722.001639999995,10711.44472,316128.4002,51053.47071
Merrill,dolor.sit@turpisIn.com,USA,1,50,78518.21527,10072.482979999999,294506.0844,52241.16947
Nolan,Donec.at@neccursus.co.uk,USA,0,55,72424.80112,9831.184792,523680.7699,53401.67886
Winter,egestas.urna.justo@maurissagittis.edu,USA,0,43,77665.17195,13308.87932,349588.5608,35408.66427
Rigel,egestas.blandit.Nam@semvitaealiquam.com,USA,0,52,77345.61632999999,6736.751679999999,665099.139,68410.26862
Walter,ligula@Cumsociis.ca,USA,0,41,71942.40291,6995.902523999999,541670.1016,53963.443419999996
Vanna,Cum.sociis.natoque@Sedmolestie.edu,USA,1,38,56039.49793,12301.45679,360419.0988,37865.41456999999
Pearl,penatibus.et@massanonante.com,USA,1,54,68888.77805,10611.60686,764531.3203,56282.28887999999
Nell,Quisque.varius@arcuVivamussit.net,USA,1,59,49811.99062,14013.03451,337826.6382,35436.15353
Marla,Camaron.marla@hotmail.com,USA,1,47,61370.67766,9391.341628,462946.4924,48831.225660000004
